input,codec,compress_dt,decompress_dt,compressed_size,uncompressed_size
air quality,blosc:cname=zstd,7.607563,0.025493247,7278726,42834636
air quality,blosc:cname=zstd:level=2,0.06390338,0.021730227,8741797,42834636
air quality,blosc:cname=zstd:level=3,0.1546625,0.024078207,8314638,42834636
air quality,blosc:cname=zstd:level=4,0.28877622,0.02141764,8216465,42834636
air quality,blosc:cname=zstd:level=5,0.3977398,0.020751696,8172618,42834636
air quality,blosc:cname=zstd:level=6,0.6137582,0.018833118,8271722,42834636
air quality,blosc:cname=zstd:level=7,1.3072923,0.018948834,8237167,42834636
air quality,blosc:cname=zstd:level=8,1.6963818,0.018156156,8202051,42834636
air quality,parquet:compression=zstd1,0.46777248,0.0551104,11198467,42834636
air quality,parquet:compression=zstd10,4.735549,0.054661214,10485845,42834636
air quality,parquet:compression=zstd10:int-encoding=delta,4.3883615,0.04023295,7447200,42834636
air quality,parquet:compression=zstd11,4.83371,0.054327425,10485410,42834636
air quality,parquet:compression=zstd11:int-encoding=delta,4.4637365,0.039709475,7446889,42834636
air quality,parquet:compression=zstd1:int-encoding=delta,0.36269125,0.04121603,7792057,42834636
air quality,parquet:compression=zstd2,0.4718495,0.055240683,11013526,42834636
air quality,parquet:compression=zstd2:int-encoding=delta,0.36564425,0.041261155,7688009,42834636
air quality,parquet:compression=zstd3,0.5000814,0.056159217,10693862,42834636
air quality,parquet:compression=zstd3:int-encoding=delta,0.38568985,0.041466217,7550293,42834636
air quality,parquet:compression=zstd4,0.56382984,0.055431243,10707534,42834636
air quality,parquet:compression=zstd4:int-encoding=delta,0.422978,0.0413974,7546091,42834636
air quality,parquet:compression=zstd5,0.648688,0.055556595,10593565,42834636
air quality,parquet:compression=zstd5:int-encoding=delta,0.49343535,0.041087676,7461223,42834636
air quality,parquet:compression=zstd6,0.67681265,0.055242646,10482484,42834636
air quality,parquet:compression=zstd6:int-encoding=delta,0.5082624,0.041316133,7444406,42834636
air quality,parquet:compression=zstd7,1.3447429,0.055524733,10477264,42834636
air quality,parquet:compression=zstd7:int-encoding=delta,1.1461937,0.041975636,7438954,42834636
air quality,parquet:compression=zstd8,1.3906877,0.05545559,10488644,42834636
air quality,parquet:compression=zstd8:int-encoding=delta,1.1530718,0.04188929,7449586,42834636
air quality,parquet:compression=zstd9,2.528569,0.05517882,10488500,42834636
air quality,parquet:compression=zstd9:int-encoding=delta,2.244122,0.041776,7449456,42834636
air quality,pco,0.19451343,0.032155443,4283236,42834636
air quality,pco:level=10,0.25189996,0.032108456,4247215,42834636
air quality,pco:level=11,0.43574587,0.031887807,4242074,42834636
air quality,pco:level=12,1.0958546,0.03168068,4239562,42834636
air quality,pco:level=2,0.16943355,0.032670513,6397716,42834636
air quality,pco:level=3,0.17575093,0.033172753,5465667,42834636
air quality,pco:level=4,0.18167499,0.032461975,4850618,42834636
air quality,pco:level=5,0.18483204,0.03201005,4587785,42834636
air quality,pco:level=6,0.18583569,0.032160614,4417015,42834636
air quality,pco:level=7,0.19065033,0.032111824,4331908,42834636
air quality,pco:level=9,0.20583437,0.031779516,4260531,42834636
air quality,spdp,0.2198303,0.23785104,22560633,42834636
air quality,spdp:level=0,0.20702931,0.22964565,22624459,42834636
air quality,spdp:level=1,0.21092252,0.23710392,22633234,42834636
air quality,spdp:level=2,0.20785676,0.22604743,22321111,42834636
air quality,spdp:level=3,0.21412747,0.23152459,22510879,42834636
air quality,spdp:level=4,0.21622317,0.23246826,22533537,42834636
air quality,spdp:level=6,0.22409508,0.24388748,22591050,42834636
air quality,spdp:level=7,0.22701967,0.24542359,22637660,42834636
air quality,spdp:level=8,0.23995689,0.24613857,22710214,42834636
air quality,spdp:level=9,0.2492952,0.24550186,22800685,42834636
air quality,tpfor:cname=zstd,0.12110776,0.046079576,18025593,42834636
air quality,tpfor:cname=zstd:level=1,0.09237659,0.045148775,18100187,42834636
air quality,tpfor:cname=zstd:level=10,0.47019333,0.045956127,17981619,42834636
air quality,tpfor:cname=zstd:level=11,0.5552344,0.04508912,17980934,42834636
air quality,tpfor:cname=zstd:level=2,0.09822995,0.04575115,18068780,42834636
air quality,tpfor:cname=zstd:level=4,0.15264848,0.045943655,18011025,42834636
air quality,tpfor:cname=zstd:level=5,0.17362721,0.04639675,17990784,42834636
air quality,tpfor:cname=zstd:level=6,0.17528631,0.046494197,17984962,42834636
air quality,tpfor:cname=zstd:level=7,0.22009727,0.046039537,17983758,42834636
air quality,tpfor:cname=zstd:level=8,0.2217978,0.04623934,17982424,42834636
air quality,tpfor:cname=zstd:level=9,0.30553153,0.04607532,17982377,42834636
air quality,vortex,0.22882101,0.048647583,18185584,42834636
air quality,zstd,0.15692645,0.05473416,14800117,42834636
air quality,zstd:level=1,0.082253166,0.046653632,16303680,42834636
air quality,zstd:level=10,1.8653018,0.049906563,14306218,42834636
air quality,zstd:level=11,2.3126142,0.0486819,14265628,42834636
air quality,zstd:level=2,0.092079185,0.051785138,16117602,42834636
air quality,zstd:level=4,0.25595775,0.05464868,14855692,42834636
air quality,zstd:level=5,0.37245107,0.05472152,14641329,42834636
air quality,zstd:level=6,0.5082627,0.05299407,14392565,42834636
air quality,zstd:level=7,0.7979008,0.050629124,14357028,42834636
air quality,zstd:level=8,0.8958883,0.050496913,14360676,42834636
air quality,zstd:level=9,1.1830986,0.051119123,14357726,42834636
housing,blosc:cname=zstd,0.16952667,0.000637682,295496,743040
housing,blosc:cname=zstd:level=2,0.001841838,0.000496859,303466,743040
housing,blosc:cname=zstd:level=3,0.004186948,0.00058458,302178,743040
housing,blosc:cname=zstd:level=4,0.007474949,0.000527516,298912,743040
housing,blosc:cname=zstd:level=5,0.010723747,0.000496437,297728,743040
housing,blosc:cname=zstd:level=6,0.026773468,0.000574254,311234,743040
housing,blosc:cname=zstd:level=7,0.03645195,0.000619128,306487,743040
housing,blosc:cname=zstd:level=8,0.056879483,0.000668759,306359,743040
housing,parquet:compression=zstd1,0.006675631,0.000486744,349381,743040
housing,parquet:compression=zstd10,0.16504721,0.000457612,343402,743040
housing,parquet:compression=zstd10:int-encoding=delta,0.16563621,0.000456675,343402,743040
housing,parquet:compression=zstd11,0.16734643,0.000457447,343402,743040
housing,parquet:compression=zstd11:int-encoding=delta,0.1677912,0.000457195,343402,743040
housing,parquet:compression=zstd1:int-encoding=delta,0.006647478,0.000486455,349381,743040
housing,parquet:compression=zstd2,0.006809114,0.000469919,346767,743040
housing,parquet:compression=zstd2:int-encoding=delta,0.006785244,0.000469038,346767,743040
housing,parquet:compression=zstd3,0.007318047,0.000456093,344403,743040
housing,parquet:compression=zstd3:int-encoding=delta,0.007297398,0.000455262,344403,743040
housing,parquet:compression=zstd4,0.008959484,0.000456342,344351,743040
housing,parquet:compression=zstd4:int-encoding=delta,0.008944803,0.000455481,344351,743040
housing,parquet:compression=zstd5,0.011477783,0.000458073,343480,743040
housing,parquet:compression=zstd5:int-encoding=delta,0.011947407,0.000457165,343480,743040
housing,parquet:compression=zstd6,0.01198745,0.000457761,343368,743040
housing,parquet:compression=zstd6:int-encoding=delta,0.012069187,0.000456547,343368,743040
housing,parquet:compression=zstd7,0.036648072,0.000457532,343372,743040
housing,parquet:compression=zstd7:int-encoding=delta,0.03639568,0.000457024,343372,743040
housing,parquet:compression=zstd8,0.036455534,0.00045776,343402,743040
housing,parquet:compression=zstd8:int-encoding=delta,0.036454447,0.000456789,343402,743040
housing,parquet:compression=zstd9,0.07955277,0.000457245,343402,743040
housing,parquet:compression=zstd9:int-encoding=delta,0.07958271,0.000457179,343402,743040
housing,pco,0.007973581,0.000481021,242540,743040
housing,pco:level=10,0.033059634,0.00056557,240688,743040
housing,pco:level=11,0.0330423,0.000566501,240688,743040
housing,pco:level=12,0.05557912,0.000577663,240423,743040
housing,pco:level=2,0.005434528,0.000606658,291444,743040
housing,pco:level=3,0.004824664,0.000577168,277784,743040
housing,pco:level=4,0.004208921,0.000525904,262117,743040
housing,pco:level=5,0.00452011,0.000528784,255303,743040
housing,pco:level=6,0.004064606,0.000467083,252405,743040
housing,pco:level=7,0.005069497,0.000472077,244778,743040
housing,pco:level=9,0.017161222,0.000512918,241462,743040
housing,spdp,0.003244608,0.003533637,602291,743040
housing,spdp:level=0,0.002577966,0.002805229,602473,743040
housing,spdp:level=1,0.002633114,0.00291864,603222,743040
housing,spdp:level=2,0.002661976,0.002774238,601660,743040
housing,spdp:level=3,0.002749908,0.002886667,602107,743040
housing,spdp:level=4,0.002934925,0.003171216,602182,743040
housing,spdp:level=6,0.003548002,0.003842119,600110,743040
housing,spdp:level=7,0.003438894,0.003717146,601014,743040
housing,spdp:level=8,0.003320076,0.003600394,593730,743040
housing,spdp:level=9,0.003199786,0.003371287,595523,743040
housing,tpfor:cname=zstd,0.004751992,0.000887225,471842,743040
housing,tpfor:cname=zstd:level=1,0.002033111,0.000782315,490682,743040
housing,tpfor:cname=zstd:level=10,0.08442034,0.000884078,461347,743040
housing,tpfor:cname=zstd:level=11,0.09319203,0.000883703,461372,743040
housing,tpfor:cname=zstd:level=2,0.002734413,0.000843287,479583,743040
housing,tpfor:cname=zstd:level=4,0.004980926,0.000887117,470819,743040
housing,tpfor:cname=zstd:level=5,0.008972901,0.000896811,461852,743040
housing,tpfor:cname=zstd:level=6,0.009993183,0.000891077,461260,743040
housing,tpfor:cname=zstd:level=7,0.021655036,0.000889345,461062,743040
housing,tpfor:cname=zstd:level=8,0.022486668,0.000888048,461280,743040
housing,tpfor:cname=zstd:level=9,0.04284752,0.000887101,461278,743040
housing,vortex,0.011024392,0.000674363,466460,743040
housing,zstd,0.004553603,0.000882092,345211,743040
housing,zstd:level=1,0.002232868,0.000739521,379646,743040
housing,zstd:level=10,0.077707954,0.000799901,331170,743040
housing,zstd:level=11,0.08428142,0.000809612,331014,743040
housing,zstd:level=2,0.002860329,0.000868791,349453,743040
housing,zstd:level=4,0.004789296,0.000891128,343944,743040
housing,zstd:level=5,0.008237854,0.000841972,331564,743040
housing,zstd:level=6,0.01007287,0.000837222,331431,743040
housing,zstd:level=7,0.020553928,0.000827021,331073,743040
housing,zstd:level=8,0.022418184,0.000816771,331365,743040
housing,zstd:level=9,0.04020982,0.000813138,331371,743040
payments,blosc:cname=zstd,13.901259,0.08679293,19848957,160000000
payments,blosc:cname=zstd:level=2,0.15704283,0.08894369,21388611,160000000
payments,blosc:cname=zstd:level=3,0.37250453,0.09598482,21238544,160000000
payments,blosc:cname=zstd:level=4,0.5277576,0.0966143,20772391,160000000
payments,blosc:cname=zstd:level=5,0.7130854,0.095673926,20730431,160000000
payments,blosc:cname=zstd:level=6,1.4492784,0.08863168,20630078,160000000
payments,blosc:cname=zstd:level=7,2.423786,0.0881533,20633013,160000000
payments,blosc:cname=zstd:level=8,2.7972507,0.08866937,20605824,160000000
payments,parquet:compression=zstd1,0.72961724,0.087271206,17837483,160000000
payments,parquet:compression=zstd10,7.749137,0.088170856,17277478,160000000
payments,parquet:compression=zstd10:int-encoding=delta,7.5270443,0.08150864,16318018,160000000
payments,parquet:compression=zstd11,7.9207034,0.08807039,17274144,160000000
payments,parquet:compression=zstd11:int-encoding=delta,7.7137947,0.0796773,16313639,160000000
payments,parquet:compression=zstd1:int-encoding=delta,0.629525,0.08281953,16916411,160000000
payments,parquet:compression=zstd2,0.73483294,0.08791772,17679968,160000000
payments,parquet:compression=zstd2:int-encoding=delta,0.63001484,0.08342363,16750842,160000000
payments,parquet:compression=zstd3,0.7799275,0.08821902,17499816,160000000
payments,parquet:compression=zstd3:int-encoding=delta,0.66912085,0.08319403,16538719,160000000
payments,parquet:compression=zstd4,0.8807612,0.08881324,17485674,160000000
payments,parquet:compression=zstd4:int-encoding=delta,0.7291231,0.08305894,16532224,160000000
payments,parquet:compression=zstd5,1.010235,0.08823648,17405665,160000000
payments,parquet:compression=zstd5:int-encoding=delta,0.8733656,0.08284209,16409823,160000000
payments,parquet:compression=zstd6,1.0622237,0.08880929,17353302,160000000
payments,parquet:compression=zstd6:int-encoding=delta,0.91538066,0.08139203,16350251,160000000
payments,parquet:compression=zstd7,2.1215112,0.08553619,17346591,160000000
payments,parquet:compression=zstd7:int-encoding=delta,1.929844,0.080585584,16327684,160000000
payments,parquet:compression=zstd8,2.1480532,0.084783405,17281876,160000000
payments,parquet:compression=zstd8:int-encoding=delta,1.9602444,0.080098286,16331049,160000000
payments,parquet:compression=zstd9,4.020929,0.088209294,17281858,160000000
payments,parquet:compression=zstd9:int-encoding=delta,3.8446655,0.08178184,16331050,160000000
payments,pco,0.5336618,0.08167058,13099285,160000000
payments,pco:level=10,0.66923875,0.08342674,12898680,160000000
payments,pco:level=11,1.0636928,0.08328063,12830595,160000000
payments,pco:level=12,2.158335,0.08317024,12773199,160000000
payments,pco:level=2,0.48827657,0.08232139,17221967,160000000
payments,pco:level=3,0.48578307,0.08145154,14737336,160000000
payments,pco:level=4,0.49611405,0.08104571,14008902,160000000
payments,pco:level=5,0.488964,0.08127609,13511262,160000000
payments,pco:level=6,0.4966657,0.08148512,13334669,160000000
payments,pco:level=7,0.51397574,0.08132864,13211429,160000000
payments,pco:level=9,0.5564107,0.08178423,12987546,160000000
payments,spdp,0.7742622,0.8010798,39275635,160000000
payments,spdp:level=0,0.7631101,0.78213066,40110471,160000000
payments,spdp:level=1,0.7703038,0.8097145,39904892,160000000
payments,spdp:level=2,0.7673482,0.8096344,39498524,160000000
payments,spdp:level=3,0.75835615,0.8194547,39434003,160000000
payments,spdp:level=4,0.76202935,0.7967176,39358753,160000000
payments,spdp:level=6,0.77629036,0.7919645,39215526,160000000
payments,spdp:level=7,0.78218323,0.81325734,39171873,160000000
payments,spdp:level=8,0.80175763,0.8055471,39149741,160000000
payments,spdp:level=9,0.83164984,0.8368918,39139761,160000000
payments,tpfor:cname=zstd,0.35288295,0.14579397,25017001,160000000
payments,tpfor:cname=zstd:level=1,0.27968198,0.1405804,26130037,160000000
payments,tpfor:cname=zstd:level=10,2.4235919,0.14566605,24684178,160000000
payments,tpfor:cname=zstd:level=11,3.1158528,0.14552596,24570687,160000000
payments,tpfor:cname=zstd:level=2,0.2922967,0.1432492,26066431,160000000
payments,tpfor:cname=zstd:level=4,0.50268805,0.14600824,24878745,160000000
payments,tpfor:cname=zstd:level=5,0.632632,0.14602253,25131895,160000000
payments,tpfor:cname=zstd:level=6,0.7309702,0.14406204,25062088,160000000
payments,tpfor:cname=zstd:level=7,1.0381353,0.17435269,24944077,160000000
payments,tpfor:cname=zstd:level=8,1.1467208,0.15014726,24879582,160000000
payments,tpfor:cname=zstd:level=9,1.4829986,0.1495509,24821506,160000000
payments,vortex,0.37160304,0.16812046,27540508,160000000
payments,zstd,0.35330546,0.13426284,18045284,160000000
payments,zstd:level=1,0.23158129,0.11968372,19050199,160000000
payments,zstd:level=10,3.1963193,0.15601574,16319210,160000000
payments,zstd:level=11,4.559224,0.15585487,16176182,160000000
payments,zstd:level=2,0.26480913,0.12478331,19025911,160000000
payments,zstd:level=4,0.5193434,0.13525628,17668589,160000000
payments,zstd:level=5,0.7195366,0.13627732,17752432,160000000
payments,zstd:level=6,0.9767079,0.12827702,17119451,160000000
payments,zstd:level=7,1.4190217,0.12726201,16883823,160000000
payments,zstd:level=8,1.7045383,0.13059886,16566279,160000000
payments,zstd:level=9,2.212407,0.15401626,16492270,160000000
r/place,blosc:cname=zstd,3.829122,0.027116504,13060207,56000000
r/place,blosc:cname=zstd:level=2,0.0679936,0.027501184,13661918,56000000
r/place,blosc:cname=zstd:level=3,0.114589155,0.02660652,13349469,56000000
r/place,blosc:cname=zstd:level=4,0.21940118,0.026728168,13383491,56000000
r/place,blosc:cname=zstd:level=5,0.33792412,0.026587332,13353629,56000000
r/place,blosc:cname=zstd:level=6,0.4199191,0.024972543,13405258,56000000
r/place,blosc:cname=zstd:level=7,1.0451142,0.024057584,13398954,56000000
r/place,blosc:cname=zstd:level=8,1.0356333,0.023336424,13397397,56000000
r/place,parquet:compression=zstd1,0.36181137,0.040633634,15483239,56000000
r/place,parquet:compression=zstd10,4.30484,0.04248801,14675068,56000000
r/place,parquet:compression=zstd10:int-encoding=delta,4.5410213,0.042118616,14610366,56000000
r/place,parquet:compression=zstd11,4.6261435,0.04015961,14675643,56000000
r/place,parquet:compression=zstd11:int-encoding=delta,4.8465853,0.039628807,14610302,56000000
r/place,parquet:compression=zstd1:int-encoding=delta,0.3216288,0.040752385,15064301,56000000
r/place,parquet:compression=zstd2,0.36649823,0.040845696,15445616,56000000
r/place,parquet:compression=zstd2:int-encoding=delta,0.3240835,0.040951647,15059614,56000000
r/place,parquet:compression=zstd3,0.42338407,0.04253451,14835130,56000000
r/place,parquet:compression=zstd3:int-encoding=delta,0.41625485,0.04186215,14750278,56000000
r/place,parquet:compression=zstd4,0.46233085,0.042943023,14777660,56000000
r/place,parquet:compression=zstd4:int-encoding=delta,0.44087157,0.041659206,14704661,56000000
r/place,parquet:compression=zstd5,0.55369496,0.042670753,14678921,56000000
r/place,parquet:compression=zstd5:int-encoding=delta,0.54157495,0.04204852,14615197,56000000
r/place,parquet:compression=zstd6,0.5526974,0.04273359,14675769,56000000
r/place,parquet:compression=zstd6:int-encoding=delta,0.54813683,0.042407885,14614896,56000000
r/place,parquet:compression=zstd7,1.1933894,0.041734297,14677109,56000000
r/place,parquet:compression=zstd7:int-encoding=delta,1.199367,0.040751744,14614640,56000000
r/place,parquet:compression=zstd8,1.1905222,0.042194467,14673645,56000000
r/place,parquet:compression=zstd8:int-encoding=delta,1.1958386,0.040963516,14610524,56000000
r/place,parquet:compression=zstd9,2.2480445,0.04251437,14674029,56000000
r/place,parquet:compression=zstd9:int-encoding=delta,2.3005002,0.042934567,14610524,56000000
r/place,pco,0.25787702,0.03042,8894032,56000000
r/place,pco:level=10,0.42532197,0.031305514,8852183,56000000
r/place,pco:level=11,0.8562421,0.031306505,8847981,56000000
r/place,pco:level=12,1.7860904,0.031239668,8846004,56000000
r/place,pco:level=2,0.19274235,0.029311003,10222241,56000000
r/place,pco:level=3,0.19831322,0.029348664,9644983,56000000
r/place,pco:level=4,0.20534272,0.029360294,9339650,56000000
r/place,pco:level=5,0.21361654,0.02980196,9159175,56000000
r/place,pco:level=6,0.2216839,0.030161012,9027884,56000000
r/place,pco:level=7,0.2348351,0.0304361,8943905,56000000
r/place,pco:level=9,0.28395462,0.030477196,8865435,56000000
r/place,spdp,0.34169564,0.3738656,25559555,56000000
r/place,spdp:level=0,0.3267708,0.36547476,25788183,56000000
r/place,spdp:level=1,0.32892972,0.3626613,25803077,56000000
r/place,spdp:level=2,0.317567,0.35528427,25462617,56000000
r/place,spdp:level=3,0.32894883,0.34858748,25512682,56000000
r/place,spdp:level=4,0.3360113,0.36694294,25523115,56000000
r/place,spdp:level=6,0.32886624,0.37248018,25607299,56000000
r/place,spdp:level=7,0.32699862,0.3655482,25746067,56000000
r/place,spdp:level=8,0.345506,0.37133563,25972970,56000000
r/place,spdp:level=9,0.36707893,0.34779254,26420727,56000000
r/place,tpfor:cname=zstd,0.20048575,0.08976638,18712545,56000000
r/place,tpfor:cname=zstd:level=1,0.12683073,0.097190864,19835896,56000000
r/place,tpfor:cname=zstd:level=10,1.537298,0.10054407,15758621,56000000
r/place,tpfor:cname=zstd:level=11,1.840883,0.09252859,15750641,56000000
r/place,tpfor:cname=zstd:level=2,0.13200277,0.097215906,19820911,56000000
r/place,tpfor:cname=zstd:level=4,0.35071903,0.117634855,17939039,56000000
r/place,tpfor:cname=zstd:level=5,0.3575682,0.11723042,17241248,56000000
r/place,tpfor:cname=zstd:level=6,0.40124753,0.122247554,17240050,56000000
r/place,tpfor:cname=zstd:level=7,0.6194564,0.115663856,16628949,56000000
r/place,tpfor:cname=zstd:level=8,0.64180565,0.114054926,16623547,56000000
r/place,tpfor:cname=zstd:level=9,1.0060507,0.0819535,16017439,56000000
r/place,vortex,0.17256874,0.058371942,16351808,56000000
r/place,zstd,0.23323014,0.0645964,17277806,56000000
r/place,zstd:level=1,0.109820105,0.046065297,20078626,56000000
r/place,zstd:level=10,2.6597886,0.096764766,16090081,56000000
r/place,zstd:level=11,4.5436788,0.09558506,16087583,56000000
r/place,zstd:level=2,0.1454205,0.0529236,19370819,56000000
r/place,zstd:level=4,0.4619692,0.0713166,17152897,56000000
r/place,zstd:level=5,0.5103134,0.069867216,16660465,56000000
r/place,zstd:level=6,0.6694098,0.06304713,16273279,56000000
r/place,zstd:level=7,1.1127936,0.06927339,16282316,56000000
r/place,zstd:level=8,1.2849939,0.06572492,16198016,56000000
r/place,zstd:level=9,1.7398348,0.08785727,16168546,56000000
taxi,blosc:cname=zstd,43.696083,0.15568306,83928131,240000000
taxi,blosc:cname=zstd:level=2,0.35191256,0.1963009,88373217,240000000
taxi,blosc:cname=zstd:level=3,1.2929204,0.22349416,89327494,240000000
taxi,blosc:cname=zstd:level=4,2.0622246,0.2096085,88612766,240000000
taxi,blosc:cname=zstd:level=5,2.9575663,0.20280324,88295632,240000000
taxi,blosc:cname=zstd:level=6,4.1285663,0.17484145,86483868,240000000
taxi,blosc:cname=zstd:level=7,9.562532,0.17070954,86485204,240000000
taxi,blosc:cname=zstd:level=8,13.343298,0.16343634,86038256,240000000
taxi,parquet:compression=zstd1,1.1682413,0.17225228,46616200,240000000
taxi,parquet:compression=zstd10,11.623931,0.17115144,44836568,240000000
taxi,parquet:compression=zstd10:int-encoding=delta,12.653447,0.18579501,57635688,240000000
taxi,parquet:compression=zstd11,11.731571,0.17053369,44829335,240000000
taxi,parquet:compression=zstd11:int-encoding=delta,13.322752,0.18362749,57627154,240000000
taxi,parquet:compression=zstd1:int-encoding=delta,1.0209944,0.18252455,58982046,240000000
taxi,parquet:compression=zstd2,1.1896313,0.17449903,45367947,240000000
taxi,parquet:compression=zstd2:int-encoding=delta,1.0379778,0.18286298,58771971,240000000
taxi,parquet:compression=zstd3,1.2574356,0.17478068,44993584,240000000
taxi,parquet:compression=zstd3:int-encoding=delta,1.2160332,0.18386096,58264937,240000000
taxi,parquet:compression=zstd4,1.437753,0.17335641,44982597,240000000
taxi,parquet:compression=zstd4:int-encoding=delta,1.3332901,0.18344283,58170742,240000000
taxi,parquet:compression=zstd5,1.6356369,0.173694,44925499,240000000
taxi,parquet:compression=zstd5:int-encoding=delta,1.652017,0.18499205,57715181,240000000
taxi,parquet:compression=zstd6,1.6884878,0.17333253,44871033,240000000
taxi,parquet:compression=zstd6:int-encoding=delta,1.693543,0.18423267,57671361,240000000
taxi,parquet:compression=zstd7,3.4672089,0.1715632,44858854,240000000
taxi,parquet:compression=zstd7:int-encoding=delta,3.5969968,0.1825338,57657956,240000000
taxi,parquet:compression=zstd8,3.4822483,0.17055759,44847302,240000000
taxi,parquet:compression=zstd8:int-encoding=delta,3.6205454,0.18307276,57646619,240000000
taxi,parquet:compression=zstd9,6.276882,0.1732487,44847284,240000000
taxi,parquet:compression=zstd9:int-encoding=delta,6.706958,0.18503563,57646544,240000000
taxi,pco,1.3044443,0.13824007,34604013,240000000
taxi,pco:level=10,1.7955165,0.14417021,34314937,240000000
taxi,pco:level=11,3.2254524,0.14532459,34213862,240000000
taxi,pco:level=12,6.7374816,0.14456405,34181357,240000000
taxi,pco:level=2,1.1337428,0.13791071,41733464,240000000
taxi,pco:level=3,1.1658792,0.13795654,39469023,240000000
taxi,pco:level=4,1.173201,0.13739702,37626403,240000000
taxi,pco:level=5,1.2113264,0.13758594,36337118,240000000
taxi,pco:level=6,1.2417227,0.1378084,35324773,240000000
taxi,pco:level=7,1.2585667,0.13796315,34856504,240000000
taxi,pco:level=9,1.4370838,0.13962269,34477429,240000000
taxi,spdp,1.3862807,1.301923,169746202,240000000
taxi,spdp:level=0,1.404937,1.2809311,174528247,240000000
taxi,spdp:level=1,1.4095526,1.3118236,173720187,240000000
taxi,spdp:level=2,1.381488,1.2439274,170899022,240000000
taxi,spdp:level=3,1.3877139,1.2535347,170212692,240000000
taxi,spdp:level=4,1.3940885,1.2630997,170040038,240000000
taxi,spdp:level=6,1.4358095,1.2893867,169902624,240000000
taxi,spdp:level=7,1.4364294,1.3200462,170233335,240000000
taxi,spdp:level=8,1.5347538,1.3276885,171256589,240000000
taxi,spdp:level=9,1.6810215,1.4552604,172924254,240000000
taxi,tpfor:cname=zstd,1.2362367,0.6034998,68791688,240000000
taxi,tpfor:cname=zstd:level=1,0.9086793,0.6575232,79845111,240000000
taxi,tpfor:cname=zstd:level=10,9.281883,0.46171585,66473710,240000000
taxi,tpfor:cname=zstd:level=11,12.536152,0.46222043,65815859,240000000
taxi,tpfor:cname=zstd:level=2,0.97246444,0.6431464,73424460,240000000
taxi,tpfor:cname=zstd:level=4,1.7894475,0.6023524,67439308,240000000
taxi,tpfor:cname=zstd:level=5,2.2307653,0.6123212,68621115,240000000
taxi,tpfor:cname=zstd:level=6,2.6607533,0.6330807,68471257,240000000
taxi,tpfor:cname=zstd:level=7,3.8816288,0.58689225,67944222,240000000
taxi,tpfor:cname=zstd:level=8,4.523477,0.60805666,67462396,240000000
taxi,tpfor:cname=zstd:level=9,5.7666717,0.50104374,67316457,240000000
taxi,vortex,0.9687888,0.28022912,63622880,240000000
taxi,zstd,1.0061984,0.27280736,55608726,240000000
taxi,zstd:level=1,0.75754774,0.27638206,61943114,240000000
taxi,zstd:level=10,8.224782,0.29252172,53898045,240000000
taxi,zstd:level=11,13.091117,0.29959553,53308914,240000000
taxi,zstd:level=2,0.8164479,0.2773055,58580729,240000000
taxi,zstd:level=4,1.2965995,0.27456972,55098842,240000000
taxi,zstd:level=5,2.2384694,0.2753661,56374696,240000000
taxi,zstd:level=6,3.0563745,0.27025235,56872474,240000000
taxi,zstd:level=7,3.84583,0.2723928,56274782,240000000
taxi,zstd:level=8,4.9746623,0.25317395,54914177,240000000
taxi,zstd:level=9,5.5966897,0.28660095,54745705,240000000
twitter,blosc:cname=zstd,0.9414556,0.015388364,2341656,32000000
twitter,blosc:cname=zstd:level=2,0.011090555,0.015601179,2513762,32000000
twitter,blosc:cname=zstd:level=3,0.022536889,0.015388391,2474128,32000000
twitter,blosc:cname=zstd:level=4,0.045911375,0.015172205,2458096,32000000
twitter,blosc:cname=zstd:level=5,0.072097145,0.015060518,2426073,32000000
twitter,blosc:cname=zstd:level=6,0.10688186,0.015284135,2418727,32000000
twitter,blosc:cname=zstd:level=7,0.21240672,0.015405571,2423230,32000000
twitter,blosc:cname=zstd:level=8,0.25451693,0.015261303,2416786,32000000
twitter,parquet:compression=zstd1,0.12124867,0.016845772,2532190,32000000
twitter,parquet:compression=zstd10,1.3743669,0.016619734,2531851,32000000
twitter,parquet:compression=zstd10:int-encoding=delta,1.2778906,0.013844265,1909170,32000000
twitter,parquet:compression=zstd11,1.4056774,0.01645423,2531851,32000000
twitter,parquet:compression=zstd11:int-encoding=delta,1.2784375,0.013666769,1909170,32000000
twitter,parquet:compression=zstd1:int-encoding=delta,0.101246595,0.01372007,1909341,32000000
twitter,parquet:compression=zstd2,0.122712865,0.017194493,2532217,32000000
twitter,parquet:compression=zstd2:int-encoding=delta,0.10201542,0.013833099,1909352,32000000
twitter,parquet:compression=zstd3,0.12839957,0.017346747,2533180,32000000
twitter,parquet:compression=zstd3:int-encoding=delta,0.10615528,0.013814006,1910305,32000000
twitter,parquet:compression=zstd4,0.14062828,0.017110256,2533264,32000000
twitter,parquet:compression=zstd4:int-encoding=delta,0.116364874,0.013888902,1910321,32000000
twitter,parquet:compression=zstd5,0.17052147,0.01740352,2533645,32000000
twitter,parquet:compression=zstd5:int-encoding=delta,0.13321567,0.013919878,1910557,32000000
twitter,parquet:compression=zstd6,0.17655912,0.01747178,2532024,32000000
twitter,parquet:compression=zstd6:int-encoding=delta,0.13338766,0.013953041,1909157,32000000
twitter,parquet:compression=zstd7,0.34707004,0.017360847,2532018,32000000
twitter,parquet:compression=zstd7:int-encoding=delta,0.30668476,0.013770692,1909153,32000000
twitter,parquet:compression=zstd8,0.34169996,0.017392216,2531846,32000000
twitter,parquet:compression=zstd8:int-encoding=delta,0.30836242,0.013866059,1909164,32000000
twitter,parquet:compression=zstd9,0.7109406,0.017261416,2531846,32000000
twitter,parquet:compression=zstd9:int-encoding=delta,0.6361241,0.013719479,1909164,32000000
twitter,pco,0.08069062,0.015599135,1773966,32000000
twitter,pco:level=10,0.09506848,0.01578192,1771090,32000000
twitter,pco:level=11,0.18438552,0.015762294,1770751,32000000
twitter,pco:level=12,0.40312412,0.015743783,1770431,32000000
twitter,pco:level=2,0.06908298,0.015650451,2258608,32000000
twitter,pco:level=3,0.07014886,0.015510075,2041221,32000000
twitter,pco:level=4,0.07414499,0.01555012,1899334,32000000
twitter,pco:level=5,0.07724623,0.01555147,1832826,32000000
twitter,pco:level=6,0.07467545,0.015570331,1811954,32000000
twitter,pco:level=7,0.07854971,0.015538718,1778939,32000000
twitter,pco:level=9,0.08099464,0.01567553,1772209,32000000
twitter,spdp,0.121374436,0.1526092,2328797,32000000
twitter,spdp:level=0,0.13121532,0.15243623,2331861,32000000
twitter,spdp:level=1,0.1339708,0.1519517,2331022,32000000
twitter,spdp:level=2,0.12217352,0.15323822,2328435,32000000
twitter,spdp:level=3,0.13456002,0.15337536,2328322,32000000
twitter,spdp:level=4,0.13505517,0.15274704,2328735,32000000
twitter,spdp:level=6,0.13480052,0.1519732,2329210,32000000
twitter,spdp:level=7,0.13590112,0.15367718,2329303,32000000
twitter,spdp:level=8,0.12647307,0.15342665,2329888,32000000
twitter,spdp:level=9,0.14005597,0.1509292,2330168,32000000
twitter,tpfor:cname=zstd,0.099668205,0.023510216,6276142,32000000
twitter,tpfor:cname=zstd:level=1,0.08378539,0.022275072,6276146,32000000
twitter,tpfor:cname=zstd:level=10,0.28135902,0.023292376,6276147,32000000
twitter,tpfor:cname=zstd:level=11,0.28732225,0.02301776,6276147,32000000
twitter,tpfor:cname=zstd:level=2,0.09570452,0.022809584,6276146,32000000
twitter,tpfor:cname=zstd:level=4,0.105510205,0.023352047,6276142,32000000
twitter,tpfor:cname=zstd:level=5,0.10719997,0.02344674,6276142,32000000
twitter,tpfor:cname=zstd:level=6,0.107615136,0.023295138,6276141,32000000
twitter,tpfor:cname=zstd:level=7,0.1168013,0.023168627,6276141,32000000
twitter,tpfor:cname=zstd:level=8,0.116749234,0.02321192,6276141,32000000
twitter,tpfor:cname=zstd:level=9,0.1424306,0.022350984,6276147,32000000
twitter,vortex,0.078761905,0.03187468,6409632,32000000
twitter,zstd,0.062737,0.031532794,2725303,32000000
twitter,zstd:level=1,0.08791361,0.046635043,3228476,32000000
twitter,zstd:level=10,0.7107334,0.031244475,2725451,32000000
twitter,zstd:level=11,0.79092103,0.03131538,2725451,32000000
twitter,zstd:level=2,0.09130333,0.046931066,3228500,32000000
twitter,zstd:level=4,0.09952106,0.0312855,2725477,32000000
twitter,zstd:level=5,0.11982161,0.031468123,2726358,32000000
twitter,zstd:level=6,0.17378953,0.029301912,2725866,32000000
twitter,zstd:level=7,0.28696436,0.029255232,2725978,32000000
twitter,zstd:level=8,0.33710304,0.02851176,2725500,32000000
twitter,zstd:level=9,0.47369963,0.03177908,2725451,32000000